{
  "_version": "L_0.2.1",
  "baseline_v021": {
    "崩潰 r≫g (無學習)": {
      "regime": "collapse",
      "employment_t0": 0.84,
      "employment_final": 0.021,
      "gini_all_final": 0.9810323699629475,
      "gini_employed_final": 0.0967795220451304,
      "top10_final": 1.0000000000000002
    },
    "拉鋸 r≈g": {
      "regime": "reallocation",
      "employment_t0": 0.84,
      "employment_final": 0.6985,
      "gini_all_final": 0.3911316618597549,
      "gini_employed_final": 0.12832020309199055,
      "top10_final": 0.19330158285759702
    },
    "重配置 g≥r": {
      "regime": "reallocation",
      "employment_t0": 0.84,
      "employment_final": 0.973,
      "gini_all_final": 0.2139623357242475,
      "gini_employed_final": 0.1921503964277982,
      "top10_final": 0.16040148435750987
    }
  }
}
